{
    "type": "origins:modify_break_speed",
    "condition": {
        "type": "origins:and",
        "inverted": false,
        "conditions": [
            {
                "type": "origins:in_block",
                "inverted": false,
                "block_condition": {
                    "type": "origins:fluid",
                    "inverted": false,
                    "fluid_condition": {
                        "type": "origins:in_tag",
                        "inverted": false,
                        "tag": "minecraft:water"
                    }
                }
            }
        ]
    },
    "modifier": {
        "operation": "addition",
        "value": 0.075
    },
    "name": "Chop, Chop!",
    "description": "Get diging faster in water!"
}