{
    "type": "origins:active_self",
    "condition": {
        "type": "origins:in_block",
        "inverted": false,
        "block_condition": {
            "type": "origins:fluid",
            "inverted": false,
            "fluid_condition": {
                "type": "origins:in_tag",
                "inverted": false,
                "tag": "minecraft:water"
            }
        }
    },
    "cooldown": 600,
    "entity_action": {
        "type": "origins:apply_effect",
        "effect": {
            "duration": 200,
            "is_ambient": true,
            "show_particles": false,
            "show_icon": true,
            "effect": "minecraft:invisibility",
            "amplifier": 1
        }
    },
    "hud_render": {
        "should_render": true,
        "sprite_location": "origins:textures/gui/community/spiderkolo/resource_bar_02.png",
        "bar_index": 7
    },
    "key": {
        "key": "secondary",
        "continuous": true
    },
    "name": "Camouflage",
    "description": "Adapt to the sea no you won't be seen!"
}