{
    "type": "origins:stacking_status_effect",
    "condition": {
        "type": "origins:in_block",
        "inverted": false,
        "block_condition": {
            "type": "origins:fluid",
            "inverted": false,
            "fluid_condition": {
                "type": "origins:in_tag",
                "inverted": false,
                "tag": "minecraft:water"
            }
        }
    },
    "name": "Water Breathing",
    "description": "You can breath underwater.",
    "min_stacks": 0,
    "max_stacks": 1,
    "duration_per_stack": 20,
    "effect": {
        "duration": 100,
        "is_ambient": true,
        "show_particles": false,
        "show_icon": false,
        "effect": "minecraft:water_breathing",
        "amplifier": 1
    }
}